/*
 Navicat Premium Data Transfer

 Source Server         : Тюгтю░
 Source Server Type    : MySQL
 Source Server Version : 50717
 Source Host           : localhost:3306
 Source Schema         : him

 Target Server Type    : MySQL
 Target Server Version : 50717
 File Encoding         : 65001

 Date: 05/05/2019 19:12:57
*/

SET NAMES utf8mb4;
SET FOREIGN_KEY_CHECKS = 0;

-- ----------------------------
-- Table structure for group
-- ----------------------------
DROP TABLE IF EXISTS `group`;
CREATE TABLE `group`  (
  `group_id` bigint(20) UNSIGNED NOT NULL AUTO_INCREMENT COMMENT 'уЙцID',
  `uid` bigint(20) NOT NULL COMMENT 'тѕЏт╗║УђЁућеТѕиID',
  `name` varchar(255) CHARACTER SET utf8 COLLATE utf8_general_ci NOT NULL COMMENT 'уЙцТўхуД░',
  `avatar` varchar(255) CHARACTER SET utf8 COLLATE utf8_general_ci NULL DEFAULT NULL COMMENT 'уЙцтц┤тЃЈ',
  `member_num` int(10) UNSIGNED NOT NULL DEFAULT 0 COMMENT 'ТѕљтЉўТЋ░жЄЈ',
  `remark` varchar(255) CHARACTER SET utf8mb4 COLLATE utf8mb4_general_ci NULL DEFAULT NULL COMMENT 'ТЈЈУ┐░',
  `create_time` datetime(0) NOT NULL COMMENT 'тѕЏт╗║ТЌХжЌ┤',
  `modified_time` datetime(0) NOT NULL COMMENT 'ТЏ┤Тќ░ТЌХжЌ┤',
  PRIMARY KEY (`group_id`) USING BTREE
) ENGINE = InnoDB AUTO_INCREMENT = 8 CHARACTER SET = utf8 COLLATE = utf8_general_ci ROW_FORMAT = Dynamic;

-- ----------------------------
-- Records of group
-- ----------------------------
INSERT INTO `group` VALUES (4, 1, '??', NULL, 1, NULL, '2019-05-05 12:53:39', '2019-05-05 12:53:39');
INSERT INTO `group` VALUES (5, 1, 'ТхІУ»Ћ', NULL, 2, 'тљдтљдтљдтљдтљдтљдтљдтљдтљдтљдтљдтљдтљдтљдтљдтљдтљдтљдтљдтљдтљдтљдтљдтљдтљдтљдтљдтљдтљдтљдтљдтљдтљдтљдтљдтљдтљдтљдтљдтљдтљдтљдтљдтљдтљдтљдтљдтљдтљдтљдтљдтљдтљдтљдтљдтљдтљдтљдтљдтљдтљдтљдтљдтљдтљдтљдтљдтљдтљдтљдтљдтљдтљдтљдтљдтљдтљдтљдтљдтљдтљдтљдтљдтљдтљдтљдтљдтљдтљдтљдтљдтљдтљдтљдтљдтљдтљдтљдтљдтљдтљдтљдтљдтљдтљдтљдтљдтљдтљдтљдтљдтљдтљдтљдтљдтљдтљдтљдтљдтљдтљдтљдтљдтљдтљдтљдтљдтљдтљдтљдтљдтљдтљдтљдтљдтљдтљдтљдтљдтљдтљдтљдтљдтљдтљдтљдтљдтљдтљдтљдтљдтљдтљдтљдтљдтљдтљдтљдтљдтљдтљдтљдтљдтљдтљдтљдтљдтљдтљдтљдтљдтљдтљдтљдтљдтљдтљдтљдтљдтљдтљдтљдтљдтљдтљдтљдтљдтљдтљдтљдтљдтљдтљдтљдтљдтљдтљдтљдтљдтљдтљдтљдтљдтљдтљдтљдтљдтљдтљдтљдтљдтљдтљдтљдтљдтљдтљдтљдтљдтљдтљдтљдтљдтљдтљдтљдтљдтљдтљдтљдтљдтљдтљдтљдтљдтљдтљдтљдтљдтљдтљдтљдтљдтљдтљдтљдтљдтљдтљдтљдтљдтљдтљдтљдтљд', '2019-05-05 12:55:36', '2019-05-05 13:09:44');
INSERT INTO `group` VALUES (6, 1, 'ТхІУ»Ћ', NULL, 1, 'тљдтљдтљдтљдтљдтљдтљдтљдтљдтљдтљдтљдтљдтљдтљдтљдтљдтљдтљдтљдтљдтљдтљдтљдтљдтљдтљдтљдтљдтљдтљдтљдтљдтљдтљдтљдтљдтљдтљдтљдтљдтљдтљдтљдтљдтљдтљдтљдтљдтљдтљдтљдтљдтљдтљдтљдтљдтљдтљдтљдтљдтљдтљдтљдтљдтљдтљдтљдтљдтљдтљдтљдтљдтљдтљдтљдтљдтљдтљдтљдтљдтљдтљдтљдтљдтљдтљдтљдтљдтљдтљдтљдтљдтљдтљдтљдтљдтљдтљдтљдтљдтљдтљдтљдтљдтљдтљдтљдтљдтљдтљдтљдтљдтљдтљдтљдтљдтљдтљдтљдтљдтљдтљдтљдтљдтљдтљдтљдтљдтљдтљдтљдтљдтљдтљдтљдтљдтљдтљдтљдтљдтљдтљдтљдтљдтљдтљдтљдтљдтљдтљдтљдтљдтљдтљдтљдтљдтљдтљдтљдтљдтљдтљдтљдтљдтљдтљдтљдтљдтљдтљдтљдтљдтљдтљдтљдтљдтљдтљдтљдтљдтљдтљдтљдтљдтљдтљдтљдтљдтљдтљдтљдтљдтљдтљдтљдтљдтљдтљдтљдтљдтљдтљдтљдтљдтљдтљдтљдтљдтљдтљдтљдтљдтљдтљдтљдтљдтљдтљдтљдтљдтљдтљдтљдтљдтљдтљдтљдтљдтљдтљдтљдтљдтљдтљдтљдтљдтљдтљдтљдтљдтљдтљдтљдтљдтљдтљдтљдтљдтљдтљдтљдтљдтљдтљд', '2019-05-05 12:58:17', '2019-05-05 12:58:17');
INSERT INTO `group` VALUES (7, 1, 'ТхІУ»Ћ', NULL, 1, 'тљдтљдтљдтљдтљдтљдтљдтљдтљдтљдтљдтљдтљдтљдтљдтљдтљдтљдтљдтљдтљдтљдтљдтљдтљдтљдтљдтљдтљдтљдтљдтљдтљдтљдтљдтљдтљдтљдтљдтљдтљдтљдтљдтљдтљдтљдтљдтљдтљдтљдтљдтљдтљдтљдтљдтљдтљдтљдтљдтљдтљдтљдтљдтљдтљдтљдтљдтљдтљдтљдтљдтљдтљдтљдтљдтљдтљдтљдтљдтљдтљдтљдтљдтљдтљдтљдтљдтљдтљдтљдтљдтљдтљдтљдтљдтљдтљдтљдтљдтљдтљдтљдтљдтљдтљдтљдтљдтљдтљдтљдтљдтљдтљдтљдтљдтљдтљдтљдтљдтљдтљдтљдтљдтљдтљдтљдтљдтљдтљдтљдтљдтљдтљдтљдтљдтљдтљдтљдтљдтљдтљдтљдтљдтљдтљдтљдтљдтљдтљдтљдтљдтљдтљдтљдтљдтљдтљдтљдтљдтљдтљдтљдтљдтљдтљдтљдтљдтљдтљдтљдтљдтљдтљдтљдтљдтљдтљдтљдтљдтљдтљдтљдтљдтљдтљдтљдтљдтљдтљдтљдтљдтљдтљдтљдтљдтљдтљдтљдтљдтљдтљдтљдтљдтљдтљдтљдтљдтљдтљдтљдтљдтљдтљдтљдтљдтљдтљдтљдтљдтљдтљдтљдтљдтљдтљдтљдтљдтљдтљдтљдтљдтљдтљдтљдтљдтљдтљдтљдтљдтљдтљдтљдтљдтљдтљдтљдтљдтљдтљдтљдтљдтљдтљд­Ъўѓ', '2019-05-05 12:59:37', '2019-05-05 12:59:37');

-- ----------------------------
-- Table structure for group_msg
-- ----------------------------
DROP TABLE IF EXISTS `group_msg`;
CREATE TABLE `group_msg`  (
  `msg_id` bigint(20) UNSIGNED NOT NULL AUTO_INCREMENT COMMENT 'ТХѕТЂ»ID',
  `group_id` bigint(20) UNSIGNED NOT NULL COMMENT 'уЙцID',
  `sender_uid` bigint(20) UNSIGNED NOT NULL COMMENT 'тЈЉжђЂТХѕТЂ»уџёућеТѕиID',
  `msg_type` tinyint(4) NOT NULL DEFAULT 0 COMMENT 'ТХѕТЂ»у▒╗тъІ№╝ѕ0№╝џТЎ«жђџТќЄтГЌТХѕТЂ»№╝ї1№╝џтЏЙуЅЄТХѕТЂ»№╝ї2№╝џТќЄС╗ХТХѕТЂ»№╝ї3№╝џУ»ГжЪ│ТХѕТЂ»№╝ї4№╝џУДєжбЉТХѕТЂ»№╝Ѕ',
  `msg_content` varchar(255) CHARACTER SET utf8mb4 COLLATE utf8mb4_general_ci NOT NULL COMMENT 'ТХѕТЂ»тєЁт«╣',
  `create_time` datetime(0) NOT NULL COMMENT 'тѕЏт╗║ТЌХжЌ┤',
  `modified_time` datetime(0) NOT NULL COMMENT 'ТЏ┤Тќ░ТЌХжЌ┤',
  PRIMARY KEY (`msg_id`) USING BTREE,
  INDEX `idx_group_id_create_time`(`group_id`, `create_time`) USING BTREE
) ENGINE = InnoDB AUTO_INCREMENT = 2 CHARACTER SET = utf8 COLLATE = utf8_general_ci COMMENT = 'уЙцуџёТХѕТЂ»УАе' ROW_FORMAT = Dynamic;

-- ----------------------------
-- Records of group_msg
-- ----------------------------
INSERT INTO `group_msg` VALUES (1, 5, 1, 1, 'тЈЇтЈЇтцЇтцЇтЄцжБъжБъ', '2019-05-05 16:32:27', '2019-05-05 16:32:27');

-- ----------------------------
-- Table structure for group_user
-- ----------------------------
DROP TABLE IF EXISTS `group_user`;
CREATE TABLE `group_user`  (
  `id` bigint(20) UNSIGNED NOT NULL AUTO_INCREMENT COMMENT 'УЄфтбъID',
  `group_id` bigint(20) UNSIGNED NOT NULL COMMENT 'уЙцID',
  `uid` bigint(20) UNSIGNED NOT NULL COMMENT 'ућеТѕиID',
  `remark` varchar(30) CHARACTER SET utf8mb4 COLLATE utf8mb4_general_ci NULL DEFAULT NULL COMMENT 'уЙцжЄїуџётцЄТ│е',
  `last_ack_msg_id` bigint(20) UNSIGNED NOT NULL DEFAULT 0 COMMENT 'ТюђтљјСИђТгАуА«У«цуџёТХѕТЂ»ID',
  `last_msg_content` varchar(255) CHARACTER SET utf8 COLLATE utf8_general_ci NULL DEFAULT NULL COMMENT 'ТюђтљјСИђТгАуџёТХѕТЂ»тєЁт«╣',
  `last_msg_time` datetime(0) NULL DEFAULT NULL COMMENT 'ТюђтљјСИђТгАуџёТХѕТЂ»ТЌХжЌ┤',
  `un_msg_count` int(10) UNSIGNED NOT NULL DEFAULT 0 COMMENT 'ТюфУ»╗ТХѕТЂ»ТЋ░жЄЈ',
  `rank` tinyint(3) UNSIGNED NOT NULL DEFAULT 0 COMMENT 'уГЅу║Д№╝ѕ0№╝џТЎ«жђџТѕљтЉў№╝ї1№╝џу«АуљєтЉў№╝ї2№╝џуЙцСИ╗№╝Ѕ',
  `create_time` datetime(0) NOT NULL COMMENT 'тѕЏт╗║ТЌХжЌ┤',
  `modified_time` datetime(0) NOT NULL COMMENT 'тѕЏт╗║ТЌХжЌ┤',
  PRIMARY KEY (`id`) USING BTREE,
  UNIQUE INDEX `uk_group_id_uid`(`group_id`, `uid`) USING BTREE,
  INDEX `idx_uid`(`uid`) USING BTREE
) ENGINE = InnoDB AUTO_INCREMENT = 9 CHARACTER SET = utf8 COLLATE = utf8_general_ci COMMENT = 'уЙцу╗ёУАе' ROW_FORMAT = Compact;

-- ----------------------------
-- Records of group_user
-- ----------------------------
INSERT INTO `group_user` VALUES (4, 5, 1, 'тЊѕтЊѕ1111', 1, '[тЏЙуЅЄТХѕТЂ»]', '2019-05-05 16:32:28', 1, 2, '2019-05-05 12:55:36', '2019-05-05 16:32:28');
INSERT INTO `group_user` VALUES (5, 6, 1, NULL, 0, NULL, NULL, 0, 2, '2019-05-05 12:58:17', '2019-05-05 12:58:17');
INSERT INTO `group_user` VALUES (6, 7, 1, NULL, 0, NULL, NULL, 0, 2, '2019-05-05 12:59:37', '2019-05-05 12:59:37');
INSERT INTO `group_user` VALUES (8, 5, 2, NULL, 0, NULL, NULL, 0, 0, '2019-05-05 18:41:17', '2019-05-05 18:41:19');

-- ----------------------------
-- Table structure for user
-- ----------------------------
DROP TABLE IF EXISTS `user`;
CREATE TABLE `user`  (
  `uid` bigint(20) UNSIGNED NOT NULL AUTO_INCREMENT COMMENT 'ућеТѕиid',
  `pwd` varchar(255) CHARACTER SET utf8 COLLATE utf8_general_ci NULL DEFAULT NULL COMMENT 'т»єуаЂ',
  `name` varchar(20) CHARACTER SET utf8mb4 COLLATE utf8mb4_general_ci NOT NULL COMMENT 'ућеТѕиТўхуД░',
  `avatar` varchar(255) CHARACTER SET utf8 COLLATE utf8_general_ci NULL DEFAULT NULL COMMENT 'ућеТѕитц┤тЃЈ',
  `remark` varchar(255) CHARACTER SET utf8mb4 COLLATE utf8mb4_general_ci NULL DEFAULT NULL COMMENT 'СИфТђДуГЙтљЇ',
  `create_time` datetime(0) NOT NULL COMMENT 'тѕЏт╗║ТЌХжЌ┤',
  `modified_time` datetime(0) NOT NULL COMMENT 'ТЏ┤Тќ░ТЌХжЌ┤',
  PRIMARY KEY (`uid`) USING BTREE
) ENGINE = InnoDB AUTO_INCREMENT = 4 CHARACTER SET = utf8 COLLATE = utf8_general_ci COMMENT = 'ућеТѕиУАе' ROW_FORMAT = Dynamic;

-- ----------------------------
-- Records of user
-- ----------------------------
INSERT INTO `user` VALUES (1, '14e1b600b1fd579f47433b88e8d85291', 'Тў»Тў»Тў»', 'http://thirdwx.qlogo.cn/mmopen/vi_32/onZtiaPzj0hhsBjlKiaE2Dib7dahCLqZXAqTBy6y6mXpicCu2X5arzDvSh0eDfyibR0CW06cNudiaxyiaEWic6MEm1Veow/132', 'тЙѕтЦйтќЮ', '2019-05-04 03:39:36', '2019-05-04 03:39:38');
INSERT INTO `user` VALUES (2, '14e1b600b1fd579f47433b88e8d85291', 'жџЈТЌХжџЈтю░', 'http://thirdwx.qlogo.cn/mmopen/vi_32/DYAIOgq83er68jLFmuyksnx80vqaKx1V2On1KAX69IiahGyvYKXhwU3qcQHud44xjlvcQa7WEv9SPnGs2YibPQkQ/132', 'тЦ│тЦ│тЦ│тЦ│', '2019-05-04 03:39:48', '2019-05-04 03:39:50');
INSERT INTO `user` VALUES (3, '14e1b600b1fd579f47433b88e8d85291', 'lmxdawn', 'http://thirdwx.qlogo.cn/mmopen/Kf2cpiarhCfcNn2dNkvhwwUibvoKzrWQqFSpbVB4nB5gTtd5KGyhFUF5PWLq1S8SIFCNStJI6cs2dpS90yq2AUuwbFrticBNQibp/132', 'тцДУЃєуџё', '2019-05-04 23:31:54', '2019-05-04 23:31:57');

-- ----------------------------
-- Table structure for user_friend
-- ----------------------------
DROP TABLE IF EXISTS `user_friend`;
CREATE TABLE `user_friend`  (
  `id` int(10) UNSIGNED NOT NULL AUTO_INCREMENT COMMENT 'УЄфтбъid',
  `uid` bigint(20) UNSIGNED NOT NULL COMMENT 'ућеТѕиid',
  `friend_uid` bigint(20) NOT NULL COMMENT 'ТюІтЈІуџёућеТѕиid',
  `remark` varchar(30) CHARACTER SET utf8mb4 COLLATE utf8mb4_general_ci NULL DEFAULT NULL COMMENT 'тцЄТ│е',
  `un_msg_count` int(10) UNSIGNED NOT NULL DEFAULT 0 COMMENT 'ТюфУ»╗ТХѕТЂ»ТЋ░жЄЈ',
  `last_msg_content` varchar(255) CHARACTER SET utf8mb4 COLLATE utf8mb4_general_ci NULL DEFAULT NULL COMMENT 'ТюђтљјСИђТгАТјЦТћХуџёТХѕТЂ»тєЁт«╣',
  `create_time` datetime(0) NOT NULL COMMENT 'тѕЏт╗║ТЌХжЌ┤',
  `modified_time` datetime(0) NOT NULL COMMENT 'ТЏ┤Тќ░уџёТЌХжЌ┤',
  PRIMARY KEY (`id`) USING BTREE,
  UNIQUE INDEX `uk_uid_friend_uid`(`uid`, `friend_uid`) USING BTREE
) ENGINE = InnoDB AUTO_INCREMENT = 36 CHARACTER SET = utf8 COLLATE = utf8_general_ci COMMENT = 'ућеТѕиуџёТюІтЈІУАе' ROW_FORMAT = Dynamic;

-- ----------------------------
-- Records of user_friend
-- ----------------------------
INSERT INTO `user_friend` VALUES (20, 2, 1, '', 0, '­Ъўѓ', '2019-05-04 12:53:46', '2019-05-05 13:00:11');
INSERT INTO `user_friend` VALUES (21, 1, 2, '', 8, '­Ъўѓ', '2019-05-04 12:53:46', '2019-05-05 13:00:11');
INSERT INTO `user_friend` VALUES (22, 2, 3, 'fff', 0, '[тЏЙуЅЄТХѕТЂ»]', '2019-05-04 23:32:57', '2019-05-05 01:46:37');
INSERT INTO `user_friend` VALUES (35, 1, 3, NULL, 0, NULL, '2019-05-05 18:24:52', '2019-05-05 18:24:54');

-- ----------------------------
-- Table structure for user_friend_ask
-- ----------------------------
DROP TABLE IF EXISTS `user_friend_ask`;
CREATE TABLE `user_friend_ask`  (
  `id` bigint(20) UNSIGNED NOT NULL AUTO_INCREMENT COMMENT 'УЄфтбъID',
  `uid` bigint(20) UNSIGNED NOT NULL COMMENT 'ућеТѕиID',
  `friend_uid` bigint(20) UNSIGNED NOT NULL COMMENT 'тЈЉжђЂТХѕТЂ»уџёућеТѕиID',
  `remark` varchar(255) CHARACTER SET utf8mb4 COLLATE utf8mb4_general_ci NULL DEFAULT NULL COMMENT 'тцЄТ│еС┐АТЂ»',
  `status` tinyint(3) UNSIGNED NOT NULL DEFAULT 0 COMMENT 'уіХТђЂ№╝ѕ0№╝џТюфуА«У«цУ┐Є№╝ї1№╝џти▓уА«У«ц№╝ї2: ТІњу╗Ю№╝Ѕ',
  `create_time` datetime(0) NOT NULL,
  `modified_time` datetime(0) NOT NULL,
  PRIMARY KEY (`id`) USING BTREE,
  INDEX `idx_uid`(`uid`) USING BTREE
) ENGINE = InnoDB AUTO_INCREMENT = 18 CHARACTER SET = utf8 COLLATE = utf8_general_ci COMMENT = 'тЦйтЈІУ»иТ▒ѓУАе' ROW_FORMAT = Dynamic;

-- ----------------------------
-- Records of user_friend_ask
-- ----------------------------
INSERT INTO `user_friend_ask` VALUES (1, 1, 2, 'тцДУЃєуџё', 0, '2019-05-03 22:44:26', '2019-05-03 22:44:28');
INSERT INTO `user_friend_ask` VALUES (2, 1, 3, 'fff', 0, '2019-05-03 22:48:47', '2019-05-03 22:48:49');
INSERT INTO `user_friend_ask` VALUES (3, 1, 4, 'ddd', 0, '2019-05-03 23:02:23', '2019-05-03 23:02:25');
INSERT INTO `user_friend_ask` VALUES (4, 1, 5, 'sss', 0, '2019-05-03 23:02:35', '2019-05-03 23:02:37');
INSERT INTO `user_friend_ask` VALUES (5, 1, 6, 'sssss', 0, '2019-05-03 23:03:52', '2019-05-03 23:03:55');
INSERT INTO `user_friend_ask` VALUES (6, 1, 7, 'ssssf', 0, '2019-05-03 23:04:06', '2019-05-03 23:04:08');
INSERT INTO `user_friend_ask` VALUES (7, 2, 1, 'dddd', 0, '2019-05-03 23:04:57', '2019-05-03 23:04:59');
INSERT INTO `user_friend_ask` VALUES (8, 2, 3, 'fff', 0, '2019-05-03 23:05:13', '2019-05-03 23:05:14');
INSERT INTO `user_friend_ask` VALUES (9, 2, 4, 'rrrr', 0, '2019-05-03 23:05:35', '2019-05-03 23:05:37');
INSERT INTO `user_friend_ask` VALUES (10, 2, 5, 'ssss', 0, '2019-05-03 23:05:45', '2019-05-03 23:05:49');
INSERT INTO `user_friend_ask` VALUES (11, 3, 1, 'ssss', 0, '2019-05-03 23:06:09', '2019-05-03 23:06:11');
INSERT INTO `user_friend_ask` VALUES (12, 3, 2, 'ssss', 0, '2019-05-03 23:06:20', '2019-05-03 23:06:22');
INSERT INTO `user_friend_ask` VALUES (13, 2, 1, 'hiжбЮhiТў»ТхфУ┤╣тЄЈУѓЦ', 0, '2019-05-04 04:22:44', '2019-05-04 04:22:44');
INSERT INTO `user_friend_ask` VALUES (14, 2, 1, 'hiжбЮhiТў»ТхфУ┤╣тЄЈУѓЦ', 0, '2019-05-04 04:25:40', '2019-05-04 04:25:40');
INSERT INTO `user_friend_ask` VALUES (15, 2, 1, 'hiжбЮhiТў»ТхфУ┤╣тЄЈУѓЦ', 0, '2019-05-04 04:26:04', '2019-05-04 04:26:04');
INSERT INTO `user_friend_ask` VALUES (16, 2, 1, 'hiжбЮhiТў»ТхфУ┤╣тЄЈУѓЦ', 0, '2019-05-04 04:27:20', '2019-05-04 04:27:20');
INSERT INTO `user_friend_ask` VALUES (17, 2, 1, 'hiжбЮhiТў»ТхфУ┤╣тЄЈУѓЦ', 1, '2019-05-04 04:30:21', '2019-05-04 12:53:46');

-- ----------------------------
-- Table structure for user_friend_msg
-- ----------------------------
DROP TABLE IF EXISTS `user_friend_msg`;
CREATE TABLE `user_friend_msg`  (
  `msg_id` bigint(20) UNSIGNED NOT NULL AUTO_INCREMENT COMMENT 'ТХѕТЂ»ID',
  `uid` bigint(20) UNSIGNED NOT NULL COMMENT 'ућеТѕиID',
  `sender_uid` bigint(20) UNSIGNED NOT NULL COMMENT 'тЈЉжђЂТќ╣ућеТѕиID',
  `msg_type` tinyint(4) NOT NULL DEFAULT 0 COMMENT 'ТХѕТЂ»у▒╗тъІ№╝ѕ0№╝џТЎ«жђџТќЄтГЌТХѕТЂ»№╝ї1№╝џтЏЙуЅЄТХѕТЂ»№╝ї2№╝џТќЄС╗ХТХѕТЂ»№╝ї3№╝џУ»ГжЪ│ТХѕТЂ»№╝ї4№╝џУДєжбЉТХѕТЂ»№╝Ѕ',
  `msg_content` varchar(255) CHARACTER SET utf8mb4 COLLATE utf8mb4_general_ci NOT NULL COMMENT 'ТХѕТЂ»тєЁт«╣',
  `create_time` datetime(0) NOT NULL COMMENT 'ТХѕТЂ»тѕЏт╗║ТЌХжЌ┤',
  PRIMARY KEY (`msg_id`) USING BTREE,
  INDEX `idx_uid`(`uid`) USING BTREE
) ENGINE = InnoDB AUTO_INCREMENT = 47 CHARACTER SET = utf8 COLLATE = utf8_general_ci COMMENT = 'ућеТѕиуџётЦйтЈІТХѕТЂ»УАе' ROW_FORMAT = Dynamic;

-- ----------------------------
-- Records of user_friend_msg
-- ----------------------------
INSERT INTO `user_friend_msg` VALUES (24, 1, 2, 0, 'тЈЇтЈЇтцЇтцЇ', '2019-05-05 02:09:38');
INSERT INTO `user_friend_msg` VALUES (25, 1, 2, 0, 'Тў»Тў»Тў»', '2019-05-05 02:11:18');
INSERT INTO `user_friend_msg` VALUES (26, 1, 2, 0, ':emoji[sunglasses]СИЅућЪСИЅСИќ', '2019-05-05 02:11:56');
INSERT INTO `user_friend_msg` VALUES (27, 1, 1, 0, 'Т»њУ┤ЕтцФтдЄ', '2019-05-05 02:12:42');
INSERT INTO `user_friend_msg` VALUES (28, 1, 2, 0, '­ЪўІ\n', '2019-05-05 02:22:24');
INSERT INTO `user_friend_msg` VALUES (29, 1, 2, 0, '­ЪўІ\n', '2019-05-05 02:24:41');
INSERT INTO `user_friend_msg` VALUES (30, 1, 2, 0, '­ЪўІ\n', '2019-05-05 02:24:46');
INSERT INTO `user_friend_msg` VALUES (31, 1, 2, 0, '­ЪўІ\n', '2019-05-05 02:26:27');
INSERT INTO `user_friend_msg` VALUES (32, 1, 2, 0, '?\n', '2019-05-05 02:34:34');
INSERT INTO `user_friend_msg` VALUES (33, 1, 2, 0, '?\n', '2019-05-05 02:40:20');
INSERT INTO `user_friend_msg` VALUES (34, 1, 2, 0, '?', '2019-05-05 02:42:07');
INSERT INTO `user_friend_msg` VALUES (35, 1, 2, 0, '?', '2019-05-05 02:44:22');
INSERT INTO `user_friend_msg` VALUES (36, 1, 2, 0, '­Ъўє', '2019-05-05 02:46:12');
INSERT INTO `user_friend_msg` VALUES (37, 1, 2, 0, '­Ъўє', '2019-05-05 02:47:23');
INSERT INTO `user_friend_msg` VALUES (38, 1, 2, 0, '­Ъўє', '2019-05-05 02:48:28');
INSERT INTO `user_friend_msg` VALUES (39, 1, 2, 0, 'тЊѕтЊѕтЊѕ­Ъўє', '2019-05-05 03:03:54');
INSERT INTO `user_friend_msg` VALUES (40, 1, 2, 0, 'тЊѕтЊѕтЊѕ­Ъўє', '2019-05-05 03:06:13');
INSERT INTO `user_friend_msg` VALUES (41, 1, 2, 0, 'тЊѕтЊѕтЊѕ­Ъўє', '2019-05-05 03:08:33');
INSERT INTO `user_friend_msg` VALUES (42, 1, 2, 0, 'тЊѕтЊѕ­Ъўє', '2019-05-05 03:34:28');
INSERT INTO `user_friend_msg` VALUES (43, 1, 2, 0, '4444', '2019-05-05 03:34:40');
INSERT INTO `user_friend_msg` VALUES (44, 1, 2, 0, 'ТЪћТЪћт╝▒т╝▒', '2019-05-05 03:35:41');
INSERT INTO `user_friend_msg` VALUES (45, 1, 2, 0, '4eeee', '2019-05-05 03:39:31');
INSERT INTO `user_friend_msg` VALUES (46, 1, 2, 0, '­Ъўѓ', '2019-05-05 13:00:11');

-- ----------------------------
-- Table structure for user_profile
-- ----------------------------
DROP TABLE IF EXISTS `user_profile`;
CREATE TABLE `user_profile`  (
  `id` bigint(20) UNSIGNED NOT NULL AUTO_INCREMENT COMMENT 'ућеТѕиуџёТХѕТЂ»жЁЇуй«УАе',
  `uid` bigint(20) UNSIGNED NOT NULL COMMENT 'ућеТѕиID',
  `friend_ask_count` int(10) UNSIGNED NOT NULL DEFAULT 0 COMMENT 'тЦйтЈІУ»иТ▒ѓуџёТЋ░жЄЈ',
  `friend_count` int(10) UNSIGNED NOT NULL DEFAULT 0 COMMENT 'тЦйтЈІТЋ░жЄЈ',
  `create_time` datetime(0) NOT NULL,
  `modified_time` datetime(0) NOT NULL,
  PRIMARY KEY (`id`) USING BTREE,
  UNIQUE INDEX `uk_uid`(`uid`) USING BTREE
) ENGINE = InnoDB AUTO_INCREMENT = 9 CHARACTER SET = utf8 COLLATE = utf8_general_ci COMMENT = 'ућеТѕиуџёжбЮтцќС┐АТЂ»УАе' ROW_FORMAT = Dynamic;

-- ----------------------------
-- Records of user_profile
-- ----------------------------
INSERT INTO `user_profile` VALUES (1, 2, 0, 1, '2019-05-04 04:27:20', '2019-05-04 12:53:46');
INSERT INTO `user_profile` VALUES (3, 1, 0, 1, '2019-05-04 11:51:30', '2019-05-04 12:53:46');

SET FOREIGN_KEY_CHECKS = 1;
